id,title,location,salary,summery
e01db182ae55e799,[피앤피시큐어] 2020년 수시 (연구개발/정보보안기술연구소),피앤피시큐어 성남 분당구,,
97256f40f8e27da3,2019년 시지온 공채,CIZION 서울 마포구,,
57aa1b90d7626f69,[개발]신사업 프론트 개발자(정규직),위메프 2.3 대한민국,,
273d830a0c62aedd,솔루션 프론트엔드 개발자,Nexon 성남 분당구,,
f8d697082229fd42,B2C온라인 UX/UI 디자이너 경력사원 모집,지에스아이티엠GSITM 서울 재동,,
2c424681fddd90dc,Frontend Developer,아우름플래닛 서울 마포구,,
eb1bea174466ec56,웹 프론트엔드 개발자,더벗 서울 마포구,"연봉 30,000,000원 - 40,000,000원",
afe1eb9b17eef5f6,솔루션 개발자,NHN godo 4.4 서울 구로구,,
aa1268cf17c43080,Global Service Web UI 개발(마크업),LINE Plus corporation 성남 서현역,,
9eed3fde33bc2641,[비즈플랫폼개발] 글로벌 비즈 서비스 웹/프론트엔드 개발자(Full St...,네이버 대한민국,,
3cc6771ec537db8c,웹 개발자 채용,꿈꾸는다락방 서울 공덕동,,
8ed1efaf7b652197,"핸즈 개발자(Nodejs, Vuejs, NativeScriptVue, C...",핸즈 성남 수내동,,
06aafbb5133999ba,프론트엔드 개발자 (경력 3년 이상),시지온 서울 동교동,,
d9193a510794d953,대형 프렌차이즈 프론트엔드 경력 정규직,토니서치 서울 강남구,,
de4f7133ce2daf1f,프론트엔드 개발 경력직,현대메디 서울 중구,"연봉 30,000,000원 - 32,000,000원",
53730e51c4a60930,솔루션 개발자,고도소프트 서울 구로구,,
103ba7e9cbf251d5,200만 팔레토 개발사 프론트엔드 개발요원,앤드 서울 구로동,,
1c5af31fb8f455c1,(카카오메이커스) 프런트엔드 개발자 모집,카카오커머스 성남 삼평동,,
9b123ff73f89c0e5,[개발]상담시스템 백엔드 개발자(정규직),위메프 2.3 대한민국,,
cb66744ec9897c32,[개발]상담시스템 프론트엔드 개발자(정규직),위메프 2.3 대한민국,,
21f32b8f1827025d,쓰담 Server Developer,노마드스타 서울 서초구,,
3e2a310c9dd0f693,[멜론] 빅데이터 서비스 개발자,카카오 4.2 성남 판교역,,
4b6ce93048486fde,FE 개발 담당자,고도소프트 서울 구로구,,
cb5da7c2177ac4ae,공장자동화(Smart Factory) 솔루션 개발 신입/경력 정규직,샤인소프트 경기도,,
7b1bf7ccf8fdf4bb,인공지능 소프트웨어 엔지니어,에이치알 코리아 서울,,
01a6d54ba67fbfcf,Frontend Data Service Developer,Success Korea 서울,,
070a27ffadd76018,프론트개발자(경력),이롭게 서울특별시,,
922762e304d67724,Y사 프론트엔드 구축(Java/6개월/역삼),디와이즈 서울 강남구,,
793aafbc179fc4fd,"[해외취업] 중국, ZASOFT, 웹 프로그래머",ZASOFT 대한민국,,
1748baa27965fdbf,"MVP 개발 엔지니어(서버, 웹프론트) (정규직, 계약직, 프리랜서)",더테스터 대전 중구,,
264340117e5cec8a,FrontEnd Vuejs 개발자 (원격근무 가능),JJSOFT 성남 분당구,,
e8455745434a01a0,[메가존] 개발 경력자 대규모,메가존 서울 강남구,,
55e85eadf3c2c3f3,영상보안[프론트엔드],Success Korea 서울 쌍림동,,
60054b1a01f5020d,웹 프로그램 신입 개발자,아이티공간 울산 남구,"연봉 24,500,000원 - 26,000,000원",
6e1257c8d66d7def,Front-end 개발,Success Korea 서울,,
939a194f9b84110d,[Search & Clova] NAVER Search Fullstack...,네이버 대한민국,,
bade80833bbd0926,Front-end Engineer (Javascript),Soomgo 서울 강남구,,
7fcc90ef5f9b02b0,클라이언트개발 엔지니어-typescript/webpack (사원~대리),Success Korea 서울 가산디지털단지역,,
b4e96a7dcac2f50a,인프라 서비스 플랫폼 개발자,카카오 4.2 성남 판교역,,
1686d7a419c580ab,클라이언트개발(사원~과장급),Success Korea 서울 가산디지털단지역,,
4a426e3ffacd161c,이상탐지팀- 웹프로그래머,Nexon 성남 분당구,,
faed919e734ffe78,"[유메이] 프론트 엔드 가족 모집합니다,",유메이 성남 시흥동,,
692486e7a2b0522e,데브옵스 솔루션 개발자,Nexon 성남 분당구,,
8c4e16d1785c009f,"웹/모바일 기반 벡엔드/프론트엔드 개발_대리, 과장급_대기업",에이치알 코리아 대한민국,,
20e216fffb391249,웹 개발 담당,에이치알 코리아 대한민국,,
6c492ec7c7aa5710,웹 프로그램 개발자,아이티공간 울산 남구,"연봉 30,000,000원 - 40,000,000원",
14c0a372e630e071,서버 개발,Success Korea 성남 판교역,,
770ef57197572958,[Search & Clova] 검색 엔진 S/W 엔지니어 경력사원,네이버 대한민국,,
808352f754398ed9,"[티스토리] Server, Frontend 경력 개발자",카카오 4.2 성남 판교역,,
9a6c7e28b38178d3,(주)테라젠이텍스 바이오연구소 웹개발자 (정규직),테라젠이텍스 바이오연구소 수원 영통구,,
3373162076a59a48,"IT 개발, 운영",Success Korea 성남 분당구,,
33fbfcd01ae23602,시스템 프로그래머,에너지 거래소 및 에너지데이터 중개 서울,,
af232316c73a61c1,Front-end 개발자,"e스포츠.포털,커뮤니티 서울",,
812c0e030e3251d3,프론트엔드 개발자,해외송금 전문업체 서울 강남구,,
8539d096f25381e1,업계 상위 연봉 개발직군(iOS/Android/Frontend/Backe...,에스브이 서울 강남구,,
f7616fbbc57eb449,시니어 프론드엔드 개발자,금융관련 종합정보 서비스 서울 구로구,,
b255530651a0d66d,Java개발자.시니어급,온라인결제 서울,,
